{
  "type": "minecraft:entity",
  "pools": [
    {
      "rolls": 1,
      "entries": [
        {
          "type": "minecraft:item",
          "name": "minecraft:snowball",
          "functions": [
            {
              "function": "minecraft:set_custom_data",
              "tag": "{DPT1_CustomTags: {orb:1b}}"
            },
            {
              "function": "minecraft:set_custom_model_data",
              "value": 739213
            },
            {
              "function": "minecraft:set_components",
              "components": {
                "minecraft:rarity": "rare"
              }
            },
            {
              "function": "minecraft:set_name",
              "entity": "this",
              "target": "item_name",
              "name": "Explosive Orb"
            }
          ]
        }
      ]
    }
  ]
}
