{
  "type": "minecraft:entity",
  "pools": [
    {
      "rolls": 1,
      "entries": [
        {
          "type": "minecraft:loot_table",
          "value": "dpt1-creator:unicorn_horn",
          "conditions": [
            {
              "condition": "minecraft:any_of",
              "terms": [
                {
                  "condition": "minecraft:entity_properties",
                  "entity": "this",
                  "predicate": {
                    "type": "minecraft:goat",
                    "nbt": "{HasRightHorn:1b, HasLeftHorn:0b}"
                  }
                },
                {
                  "condition": "minecraft:entity_properties",
                  "entity": "this",
                  "predicate": {
                    "type": "minecraft:goat",
                    "nbt": "{HasRightHorn:0b, HasLeftHorn:1b}"
                  }
                }
              ]
            }
          ]
        }
      ]
    }
  ],
  "random_sequence": "minecraft:entities/goat"
}
